{
  "biodegradable": {
    "precision": 0.9528071602929211,
    "recall": 0.9758333333333333,
    "f1-score": 0.9641827912721285,
    "support": 1200.0
  },
  "landfill": {
    "precision": 0.47619047619047616,
    "recall": 0.6944444444444444,
    "f1-score": 0.5649717514124294,
    "support": 216.0
  },
  "recyclable": {
    "precision": 0.7994987468671679,
    "recall": 0.6053130929791272,
    "f1-score": 0.6889848812095032,
    "support": 527.0
  },
  "accuracy": 0.8440555841482243,
  "macro avg": {
    "precision": 0.7428321277835218,
    "recall": 0.7585302902523017,
    "f1-score": 0.739379807964687,
    "support": 1943.0
  },
  "weighted avg": {
    "precision": 0.8582406458093905,
    "recall": 0.8440555841482243,
    "f1-score": 0.845161235321177,
    "support": 1943.0
  }
}